"Date","Type","Freq"
"2/27/2018 4:52:15 AM","RX","20.0437186844851"
"2/17/2018 11:32:57 AM","RX","51.7372488285123"
"8/2/2018 12:53:35 PM","RX","47.9805645756333"
"1/24/2018 8:05:46 PM","TX","76.8624710277014"
"5/22/2018 2:00:44 PM","RX","57.9832863332626"
"3/31/2018 7:40:42 PM","RX","86.3132268592311"
"9/20/2018 11:13:26 PM","RX","8.42029094156823"
"10/15/2018 1:04:46 PM","RX","75.5580214669732"
"8/10/2018 5:59:08 AM","TX","43.0211007329734"
"10/23/2018 9:14:56 AM","RX","60.5841803180912"
"2/13/2018 7:15:07 AM","RX","80.6271468198985"
"10/19/2018 6:53:02 PM","RX","14.332269045679"
"12/12/2018 4:37:49 PM","TX","91.0190356853507"
"12/29/2018 9:29:08 AM","RX","60.4234957417583"
"4/1/2018 8:13:35 AM","TX","79.1283974326814"
"7/23/2018 7:45:30 PM","RX","12.2204048150314"
"6/17/2018 10:46:27 PM","RX","53.0602767844965"
"1/25/2018 3:28:29 AM","RX","63.7260216585016"
"3/2/2018 2:47:24 PM","RX","93.3713230739214"
"6/14/2018 12:05:23 PM","RX","87.2188660256653"
"2/4/2018 8:32:16 PM","RX","11.6933321169081"
"1/18/2018 7:18:21 AM","RX","84.6989176164842"
"5/3/2018 9:58:43 AM","RX","86.1568543529868"
"2/20/2018 12:35:15 AM","RX","51.8034471440145"
"10/30/2018 5:59:00 PM","RX","34.3257826912803"
"2/3/2018 12:15:28 PM","RX","71.8420215285579"
"2/6/2018 4:18:53 AM","TX","75.5485175529255"
"11/10/2018 7:51:28 AM","RX","7.13617266488083"
"9/2/2018 2:02:26 AM","RX","55.4782906339868"
"5/16/2018 9:46:19 PM","RX","72.0329947173749"
"10/26/2018 5:10:11 AM","RX","11.0048860828415"
"12/7/2018 7:08:58 PM","RX","56.0774036478612"
"8/19/2018 12:53:43 AM","RX","44.0448732320428"
"10/18/2018 12:50:19 AM","RX","67.8277389462235"
"8/23/2018 6:38:40 PM","RX","89.5260733037843"
"7/24/2018 3:07:36 PM","RX","89.0328851477396"
"9/27/2018 6:46:39 PM","RX","97.9824439613067"
"8/22/2018 10:43:51 PM","RX","64.244510822112"
"5/24/2018 6:47:56 PM","TX","84.2029275764725"
"8/7/2018 11:48:43 AM","RX","61.5700133431563"
"6/15/2018 7:12:20 AM","RX","85.9352344581556"
"8/10/2018 12:05:01 PM","TX","35.8677867501358"
"1/31/2018 6:05:09 AM","TX","1.30624161162704"
"3/2/2018 10:52:02 AM","RX","28.3690615223577"
"8/19/2018 10:57:48 AM","RX","23.6769565025703"
"4/23/2018 6:31:32 AM","RX","65.630011337637"
"7/4/2018 6:41:59 PM","RX","41.452020565724"
"12/28/2018 5:25:54 PM","RX","23.9571998938719"
"8/5/2018 6:52:52 PM","RX","89.5309950176305"
"11/21/2018 8:46:11 PM","RX","13.4604813593721"
"9/6/2018 10:41:05 AM","RX","8.08590967584677"
"2/22/2018 6:38:21 AM","RX","10.1281715138481"
"8/9/2018 3:09:56 PM","RX","26.5279346734881"
"5/18/2018 2:32:39 PM","RX","25.1663242583938"
"7/21/2018 3:08:13 AM","TX","21.8985978150268"
"5/28/2018 7:02:34 AM","RX","82.0284205870835"
"1/18/2018 2:26:40 PM","RX","6.28998033063951"
"3/2/2018 9:28:34 AM","RX","60.4322576711105"
"5/12/2018 4:08:57 AM","TX","25.7117883887662"
"2/28/2018 3:45:25 AM","RX","4.66632540555034"
"1/3/2018 10:38:07 PM","RX","38.1625943063584"
"3/29/2018 10:58:06 PM","RX","32.6874009485764"
"11/1/2018 6:10:08 PM","TX","74.7690657036235"
"10/6/2018 4:43:41 PM","RX","0.29766941456947"
"8/12/2018 12:55:30 AM","RX","49.7973501448507"
"12/5/2018 4:40:48 PM","RX","48.3991131411861"
"5/21/2018 7:35:55 AM","RX","35.1779936045306"
"2/24/2018 2:04:20 AM","RX","76.7913746073802"
"7/20/2018 4:05:05 PM","RX","67.3699690808402"
"7/31/2018 12:21:54 AM","RX","89.0654637893035"
"7/5/2018 11:32:40 AM","TX","97.6978803974101"
"8/2/2018 3:47:28 PM","RX","7.2799223509058"
"7/17/2018 7:28:27 PM","RX","26.3170282478989"
"9/27/2018 4:43:51 PM","RX","3.16799148133397"
"11/5/2018 8:10:01 AM","RX","94.6363179919479"
"12/31/2018 12:05:01 PM","RX","20.5519267919249"
"10/21/2018 7:57:33 PM","RX","26.4106223017027"
"10/19/2018 5:55:59 AM","RX","91.5777535138548"
"10/6/2018 3:24:08 AM","TX","62.0173915112472"
"5/14/2018 5:23:28 PM","RX","44.2874508650449"
"9/15/2018 2:35:13 PM","TX","63.0431702654078"
"12/30/2018 8:25:05 AM","RX","2.67231417944297"
"1/29/2018 7:51:16 PM","RX","8.00525937602169"
"1/14/2018 5:14:03 AM","RX","11.3057168253258"
"7/7/2018 8:26:03 PM","RX","52.3197002021222"
"9/28/2018 9:31:14 PM","RX","41.8804251318241"
"10/22/2018 10:07:49 AM","RX","64.8558411583564"
"8/16/2018 9:13:36 PM","RX","63.3281794205905"
"12/12/2018 7:06:47 PM","RX","79.2678579591531"
"12/12/2018 9:03:14 PM","RX","35.7680399603062"
"6/7/2018 7:39:10 PM","RX","16.7250191405066"
"11/5/2018 11:11:47 AM","RX","44.9556031939367"
"10/22/2018 1:58:21 PM","RX","9.03598722491227"
"1/27/2018 4:44:39 AM","RX","30.3041966773123"
"12/30/2018 7:05:09 AM","RX","21.4022380399528"
"9/26/2018 5:18:16 PM","RX","59.7091797085987"
"10/17/2018 3:10:47 AM","RX","70.6388257772843"
"4/2/2018 3:29:10 PM","RX","38.5169319056519"
"9/20/2018 8:52:41 PM","RX","73.9157786005716"
"7/5/2018 5:42:50 PM","RX","65.0862509222171"
"5/20/2018 2:09:36 AM","TX","82.5433434837234"
"8/28/2018 11:42:38 PM","RX","62.2521421696302"
"2/25/2018 10:09:15 PM","RX","12.6399115252494"
"9/20/2018 6:31:03 AM","RX","34.3091670583511"
"7/22/2018 12:05:52 PM","RX","20.0361847970803"
"1/14/2018 1:26:37 PM","RX","71.7739933038941"
"6/5/2018 11:57:00 PM","RX","87.9435297511255"
"4/24/2018 8:14:40 AM","RX","42.1519719260521"
"3/8/2018 9:38:54 PM","RX","89.1953932071083"
"12/22/2018 9:12:51 PM","RX","74.5880330794435"
"1/6/2018 1:53:25 AM","TX","20.969218258266"
"3/13/2018 10:32:17 PM","RX","93.460120956162"
"10/14/2018 12:11:36 AM","RX","45.5851340878686"
"9/23/2018 12:01:08 PM","RX","96.2412164529046"
"6/14/2018 9:54:14 AM","RX","48.392834490348"
"9/26/2018 5:27:02 AM","TX","86.7572662824566"
"4/18/2018 9:22:50 AM","RX","19.402437386756"
"1/1/2018 1:40:54 PM","RX","89.2165805162939"
"6/27/2018 11:34:09 AM","RX","41.8874273271707"
"11/14/2018 8:25:32 AM","RX","76.3153108657875"
"11/14/2018 9:39:01 AM","RX","36.6872056092542"
"4/11/2018 3:42:44 PM","RX","80.2729587444444"
"8/20/2018 1:58:43 PM","RX","67.7045340033735"
"10/5/2018 1:35:39 PM","RX","8.9256923221637"
"1/31/2018 2:50:04 AM","RX","30.2163641109207"
"9/28/2018 7:54:09 PM","TX","21.7441392232404"
"9/4/2018 7:57:35 PM","RX","74.001931852662"
"3/31/2018 10:51:56 AM","RX","55.0563406455593"
"2/1/2018 2:34:48 AM","TX","77.3662574483856"
"12/7/2018 8:12:19 AM","RX","69.5991841468956"
"9/20/2018 3:20:14 AM","TX","76.820698509375"
"11/10/2018 11:25:44 AM","RX","51.555387140976"
"7/27/2018 9:34:27 AM","RX","32.1001040433068"
"10/17/2018 7:10:40 PM","RX","3.18623185306146"
"10/25/2018 7:42:45 PM","TX","11.3090928230943"
"9/7/2018 8:43:34 PM","RX","90.0439052796196"
"3/12/2018 4:14:01 AM","RX","25.6895290341645"
"11/9/2018 9:22:47 AM","RX","5.8500721612247"
"12/2/2018 2:05:25 AM","RX","41.3686574163701"
"11/25/2018 9:11:44 PM","TX","80.5910986757796"
"1/28/2018 7:59:50 PM","TX","34.6031059672139"
"9/13/2018 5:30:29 AM","RX","22.0013605533174"
"10/5/2018 4:49:04 PM","RX","93.9148442325717"
"6/4/2018 4:17:26 PM","RX","85.8838824955206"
"4/4/2018 9:02:04 PM","RX","10.5445413433688"
"9/17/2018 4:54:58 PM","RX","40.9328985684239"
"2/12/2018 3:31:58 PM","RX","77.6603554737104"
"11/23/2018 5:50:32 PM","RX","69.7718506072517"
"11/19/2018 11:22:10 PM","RX","37.4033588158914"
"3/28/2018 4:56:47 PM","RX","68.3604400923291"
"11/3/2018 10:37:35 AM","RX","41.7375853479549"
"12/26/2018 6:55:31 AM","RX","50.886279554519"
"7/2/2018 2:14:46 AM","TX","21.8950641909126"
"3/2/2018 7:22:11 PM","RX","33.5566558100081"
"11/18/2018 6:44:45 PM","RX","24.4146519454264"
"8/6/2018 8:10:47 AM","RX","54.9165249592236"
"1/5/2018 10:35:10 AM","RX","82.0795196025071"
"6/20/2018 12:48:57 AM","TX","62.1025726953999"
"3/15/2018 6:54:25 PM","RX","60.4451071752445"
"4/25/2018 11:15:15 PM","RX","65.8555216928271"
"11/15/2018 1:04:18 PM","RX","89.2342301501121"
"11/2/2018 11:13:16 AM","RX","15.2529450670131"
"11/3/2018 6:08:50 PM","TX","44.3813294844615"
"8/30/2018 2:45:43 AM","RX","43.4112246816099"
"9/16/2018 3:26:57 PM","TX","47.090000913986"
"9/10/2018 2:25:52 PM","RX","27.2599126339238"
"9/7/2018 2:41:18 AM","RX","98.4034789253042"
"2/7/2018 12:50:06 AM","RX","80.6538690257137"
"1/11/2018 3:02:25 AM","TX","66.3194046198946"
"3/26/2018 9:33:05 AM","RX","11.9901901632502"
"4/29/2018 2:39:57 AM","RX","33.4639484684281"
"7/9/2018 10:32:19 AM","RX","88.6131545941407"
"7/14/2018 5:59:12 PM","RX","24.8511452343553"
"7/12/2018 3:23:06 PM","TX","0.881804386564439"
"11/30/2018 11:26:51 PM","RX","52.7951531358041"
"3/8/2018 11:22:42 PM","RX","33.0035054744238"
"8/12/2018 9:34:22 AM","RX","95.0452916766728"
"5/25/2018 1:16:45 PM","RX","49.1533735064573"
"8/25/2018 4:24:50 AM","RX","40.1328138728313"
"5/8/2018 5:07:33 AM","RX","0.271224882579979"
"4/9/2018 5:33:59 AM","RX","92.2172386162995"
"6/29/2018 6:32:38 PM","TX","23.4680998248365"
"11/11/2018 1:27:53 PM","RX","22.1388634863025"
"9/3/2018 12:50:31 PM","RX","4.7956898830811"
"5/24/2018 2:08:46 AM","RX","74.901402310888"
"3/19/2018 6:40:45 PM","RX","61.0250652586227"
"5/18/2018 1:30:16 AM","RX","34.5350093834731"
"5/14/2018 4:32:08 PM","RX","71.8112149144575"
"1/21/2018 10:04:26 AM","RX","16.1098514292901"
"6/26/2018 8:00:12 AM","RX","85.397188917453"
"11/9/2018 11:07:29 AM","RX","21.7587786827976"
"5/17/2018 10:32:31 AM","RX","50.8515472760664"
"4/22/2018 8:35:11 AM","RX","31.2856951408487"
"5/3/2018 7:02:35 AM","RX","79.2060367666213"
"7/23/2018 6:07:21 PM","TX","28.3069916201322"
"4/20/2018 2:05:26 PM","TX","47.6688228303887"
"7/5/2018 6:10:45 AM","RX","87.6111902238853"
"7/4/2018 2:08:36 PM","RX","23.6571087612105"
"7/23/2018 12:27:07 AM","TX","60.9704727125217"
"12/18/2018 6:33:47 PM","RX","62.6838849683683"
"2/7/2018 3:26:58 AM","RX","59.4643602890262"
"9/2/2018 7:33:56 AM","TX","25.4782010454117"
"2/14/2018 10:30:03 PM","RX","23.8996723312417"
"12/6/2018 6:18:58 PM","TX","68.2577628494509"
"9/15/2018 3:11:35 PM","RX","4.46399869605154"
"1/14/2018 9:36:01 AM","RX","44.2316550967431"
"9/30/2018 3:59:46 PM","RX","30.8915874133313"
"10/10/2018 1:33:37 AM","RX","26.8645007288384"
"4/12/2018 1:40:18 PM","TX","26.3053692534125"
"1/14/2018 9:20:03 AM","RX","34.0734855896204"
"3/13/2018 10:21:34 AM","RX","95.4111323670536"
"7/23/2018 2:14:17 PM","RX","21.6443723634092"
"4/24/2018 7:58:27 PM","TX","1.02374581667769"
"12/20/2018 11:05:05 AM","RX","23.5448291169223"
"9/5/2018 10:36:14 AM","RX","83.210170959686"
"6/27/2018 2:20:56 PM","RX","26.702898054711"
"7/4/2018 7:40:19 PM","RX","28.220999021186"
"1/13/2018 4:48:40 PM","RX","38.4257234346241"
"11/30/2018 6:54:30 PM","RX","29.9176316847641"
"7/16/2018 7:43:53 AM","TX","75.3884566833211"
"5/19/2018 8:03:15 PM","RX","82.1149654603167"
"6/11/2018 1:45:53 PM","RX","81.6940749910167"
"11/3/2018 8:44:12 AM","RX","45.0119889550898"
"5/24/2018 3:58:36 AM","RX","68.5974249004374"
"10/15/2018 10:56:37 AM","RX","86.6470689823139"
"2/20/2018 9:31:24 AM","RX","25.8936371774849"
"11/23/2018 6:38:14 PM","RX","9.82842720571366"
"7/27/2018 3:39:41 PM","RX","50.1417068066735"
"9/9/2018 8:45:37 AM","RX","8.92102844497237"
"9/18/2018 4:40:47 PM","RX","42.6210668136464"
"12/20/2018 9:06:21 PM","RX","52.7345403808796"
"1/27/2018 4:16:55 AM","TX","55.0881035882459"
"4/18/2018 1:40:10 AM","RX","7.09828250440689"
"11/9/2018 12:12:26 PM","TX","44.2642372307667"
"6/28/2018 9:36:12 PM","TX","33.0777288102907"
"5/19/2018 5:27:38 AM","TX","71.5388909315406"
"9/8/2018 3:27:11 AM","RX","92.6333249046622"
"6/18/2018 9:38:00 AM","RX","61.4883904631661"
"3/22/2018 12:38:33 PM","RX","54.7488751144842"
"2/9/2018 4:39:06 PM","RX","38.8476541446744"
"6/1/2018 3:59:51 AM","RX","93.4558726351037"
"5/19/2018 8:02:58 PM","RX","19.5965982599168"
"3/22/2018 1:48:38 AM","RX","5.39052565833113"
"3/6/2018 2:06:17 PM","TX","2.41511357129324"
"11/17/2018 5:54:30 AM","RX","84.9026187718392"
"5/8/2018 11:55:03 AM","RX","56.7948129292553"
"6/20/2018 2:14:53 PM","RX","99.0389436478908"
"11/27/2018 8:15:55 PM","RX","63.5327627712548"
"1/18/2018 6:07:33 PM","RX","50.7197672737389"
"11/15/2018 2:21:14 AM","RX","53.8469728798824"
"8/5/2018 7:47:09 AM","RX","31.5627704987129"
"3/28/2018 9:13:03 PM","RX","40.3732123041401"
"12/22/2018 10:38:40 PM","RX","66.5910199128981"
"7/15/2018 2:51:58 PM","RX","71.4908404143019"
"4/3/2018 4:33:46 AM","RX","23.7565168755858"
"2/6/2018 12:21:38 AM","TX","88.4167870452706"
"6/27/2018 8:36:03 AM","TX","61.2929258315325"
"5/15/2018 1:31:59 PM","RX","99.9998868908733"
"9/19/2018 7:09:33 AM","TX","92.1129061338086"
"5/23/2018 11:11:35 PM","RX","24.9369461671156"
"9/29/2018 8:54:19 PM","RX","84.1337665375945"
"3/18/2018 9:10:04 AM","RX","6.24857121438187"
"1/7/2018 9:17:52 AM","RX","3.1951457742579"
"6/17/2018 8:05:51 PM","RX","91.5994991509241"
"7/14/2018 7:10:09 AM","TX","53.5487737755984"
"1/17/2018 7:37:51 AM","RX","65.8037344300206"
"7/2/2018 6:16:39 AM","RX","44.8709708381775"
"10/9/2018 4:03:51 PM","TX","31.7487555703841"
"5/13/2018 12:16:37 AM","TX","91.4331105032159"
"9/23/2018 11:50:44 AM","RX","95.9971014391617"
"7/15/2018 5:15:19 AM","RX","25.7277583357542"
"4/5/2018 4:05:45 AM","RX","8.81165685542471"
"10/14/2018 11:13:46 AM","RX","23.1210447489848"
"7/16/2018 5:58:00 AM","RX","0.346954632712041"
"9/11/2018 1:16:38 PM","RX","66.7805346971287"
"6/16/2018 11:52:56 AM","RX","88.8390717510316"
"12/18/2018 4:23:26 AM","TX","43.2653716966814"
"10/21/2018 6:23:01 AM","RX","92.4229894729438"
"11/6/2018 6:20:09 PM","RX","19.1177544738714"
"4/17/2018 1:15:09 AM","TX","89.938521147677"
"7/11/2018 9:52:48 AM","TX","4.58927965005361"
"4/16/2018 11:03:24 PM","RX","90.8284885766117"
"12/14/2018 7:18:42 AM","RX","75.2060429077624"
"5/7/2018 4:13:04 AM","RX","67.9530206918498"
"8/8/2018 5:58:40 AM","RX","64.5197179003245"
"2/25/2018 3:45:32 AM","RX","15.6471464855816"
"5/29/2018 1:27:32 PM","TX","65.8358578411098"
"12/7/2018 11:27:09 PM","TX","72.6397070440649"
"6/21/2018 8:07:09 PM","RX","3.63657842559581"
"10/16/2018 7:23:48 AM","RX","36.4350580314338"
"9/3/2018 8:38:27 AM","RX","82.7029637911836"
"5/4/2018 12:33:30 PM","RX","93.4270095980852"
"1/14/2018 11:12:27 PM","TX","18.5170978393951"
"4/30/2018 8:57:44 AM","TX","29.5937078211427"
"9/24/2018 9:02:11 AM","RX","31.4678103809561"
"12/3/2018 6:28:19 AM","RX","85.9035698631329"
"11/13/2018 4:27:53 AM","RX","31.3479701203052"
"11/9/2018 12:27:27 PM","RX","4.29673032103885"
"1/3/2018 8:06:29 AM","TX","7.91876428198012"
"4/17/2018 3:27:14 PM","RX","93.9383413614418"
"11/28/2018 3:30:40 AM","RX","63.2768908344567"
"8/10/2018 9:01:12 PM","RX","58.9195200516468"
"4/1/2018 4:40:28 PM","RX","50.9805456041268"
"4/27/2018 7:08:54 AM","RX","47.1322225626243"
"4/20/2018 9:22:07 PM","TX","10.3846726521778"
"5/15/2018 5:49:30 AM","RX","8.89752828930389"
"11/1/2018 9:57:21 AM","RX","30.8152362847772"
"1/8/2018 7:24:27 AM","RX","24.2815540750891"
"2/4/2018 6:19:01 PM","TX","91.8068297169203"
"2/26/2018 7:38:23 PM","RX","91.1747237626345"
"3/15/2018 10:28:09 PM","RX","60.1199744549207"
"6/23/2018 9:28:00 PM","RX","69.3259395050471"
"11/30/2018 7:31:44 PM","RX","80.5334864559274"
"1/30/2018 6:39:11 AM","TX","96.0344422124487"
"8/25/2018 4:12:55 PM","RX","34.9173754150595"
"12/8/2018 6:29:58 AM","TX","71.1336795106221"
"7/22/2018 2:25:21 AM","RX","58.1110943379398"
"5/13/2018 6:32:37 PM","RX","51.610535220993"
"10/7/2018 11:42:28 AM","RX","20.2148439456778"
"2/24/2018 3:36:38 AM","RX","88.0010591298347"
"9/10/2018 9:26:16 PM","RX","5.04123140361217"
"7/8/2018 8:43:55 PM","TX","9.59493667334082"
"11/6/2018 1:06:56 AM","RX","26.4044194139561"
"4/4/2018 4:37:16 PM","RX","25.0713891000819"
"3/5/2018 10:38:38 PM","RX","16.6683637149019"
"7/10/2018 9:45:09 PM","RX","70.5879689988624"
"11/9/2018 3:35:12 AM","RX","69.1809906015084"
"10/24/2018 10:19:10 PM","TX","1.893266337874"
"5/28/2018 3:15:36 PM","RX","41.3631394232452"
"3/13/2018 4:04:04 PM","RX","63.6221441270887"
"1/27/2018 12:46:07 PM","RX","15.9657735917558"
"1/16/2018 3:02:47 PM","RX","50.6739219420934"
"7/12/2018 6:51:58 AM","RX","43.9125479403476"
"3/14/2018 2:05:57 AM","RX","2.79336343649466"
"2/23/2018 11:26:51 PM","RX","9.23389667143761"
"8/6/2018 8:37:33 PM","RX","9.13836346433422"
"9/7/2018 6:25:07 AM","RX","17.1975423196319"
"11/2/2018 3:47:15 PM","RX","59.0273084859491"
"6/2/2018 3:39:37 PM","RX","97.2955876017434"
"6/19/2018 1:21:39 AM","RX","25.5386945444805"
"2/7/2018 5:57:08 AM","RX","30.3167209636032"
"8/18/2018 9:11:10 AM","RX","35.4132491328815"
"5/4/2018 2:10:48 PM","RX","74.1504423665583"
"1/28/2018 12:34:12 PM","RX","29.8618466266719"
"6/23/2018 10:00:38 PM","RX","84.3251855039621"
"10/29/2018 12:44:07 AM","RX","11.5541643051217"
"10/24/2018 2:02:14 PM","RX","1.56938149666851"
"10/1/2018 6:03:32 AM","RX","37.714258971491"
"8/7/2018 1:44:41 PM","TX","36.6216472054932"
"10/10/2018 10:52:36 AM","RX","33.6934768286038"
"7/23/2018 12:03:09 AM","TX","98.4330674626087"
"3/13/2018 10:20:42 AM","RX","34.786098187224"
"8/25/2018 2:05:30 AM","RX","54.9545206385453"
"3/19/2018 7:59:21 PM","RX","45.8393667572361"
"2/10/2018 12:11:13 AM","RX","43.2400721792318"
"12/7/2018 8:50:57 PM","RX","23.2886513337906"
"12/29/2018 6:40:07 PM","TX","56.4248770272475"
"10/20/2018 6:27:58 PM","RX","38.1295687230907"
"6/30/2018 5:29:04 AM","RX","57.9977196911339"
"7/30/2018 9:05:59 AM","TX","17.7428506397376"
"6/24/2018 4:45:41 PM","RX","83.6778721230467"
"9/12/2018 3:56:42 PM","TX","75.43523780789"
"7/3/2018 1:39:13 AM","RX","63.8631125278133"
"8/25/2018 5:38:26 PM","RX","48.5683317522371"
"1/26/2018 2:46:46 AM","RX","21.03281245615"
"6/8/2018 5:36:03 PM","RX","12.9607051205638"
"11/20/2018 8:06:23 PM","RX","59.1663947138779"
"9/28/2018 12:22:12 PM","RX","33.1540564229498"
"12/18/2018 1:51:37 AM","RX","31.8518863207902"
"7/26/2018 11:07:31 PM","RX","76.6957139953485"
"12/31/2018 4:42:53 AM","RX","78.2180421884256"
"1/20/2018 11:07:01 AM","TX","20.5649824908771"
"10/28/2018 3:59:33 PM","RX","1.04788355578104"
"1/27/2018 10:33:49 PM","RX","6.68903175121594"
"9/2/2018 4:45:36 PM","RX","67.2289953880147"
"7/29/2018 9:33:47 PM","RX","30.6552032151517"
"2/9/2018 12:49:55 AM","TX","31.0228168177525"
"4/8/2018 4:19:09 PM","RX","83.1489887941391"
"8/9/2018 12:44:22 AM","RX","38.5439891547635"
"10/20/2018 5:58:34 AM","TX","87.0675831972936"
"6/12/2018 10:17:01 AM","RX","40.7715098656581"
"3/26/2018 5:48:30 AM","RX","70.7758381826691"
"5/31/2018 10:07:12 PM","RX","20.5752865507152"
"10/6/2018 1:32:22 AM","RX","84.3586441987933"
"6/23/2018 3:01:30 AM","RX","5.23334387933525"
"6/10/2018 9:30:45 AM","TX","71.748159067588"
"7/14/2018 8:35:15 PM","RX","22.7256398288187"
"4/29/2018 3:39:23 AM","RX","86.2790328852269"
"11/14/2018 8:56:05 AM","RX","74.9395837424973"
"12/22/2018 7:40:32 AM","RX","34.3915908757558"
"5/23/2018 2:07:33 AM","RX","90.8284241290895"
"7/21/2018 11:16:26 PM","RX","71.9693431500203"
"8/10/2018 7:27:34 PM","RX","98.7407533911712"
"2/19/2018 9:53:45 AM","RX","53.1258317423639"
"7/15/2018 6:45:00 AM","RX","81.9921231744774"
"10/17/2018 5:12:16 AM","RX","11.7718935998957"
"6/18/2018 12:29:29 AM","RX","72.0963566434087"
"9/15/2018 5:07:17 AM","RX","43.7663623801276"
"6/26/2018 9:39:55 AM","RX","52.5978040660721"
"1/4/2018 10:39:08 AM","TX","43.5119426080547"
"3/31/2018 3:31:07 AM","RX","91.6438297329675"
"12/16/2018 5:29:46 AM","RX","27.5052835827252"
"12/2/2018 12:14:45 AM","RX","40.1383443456787"
"12/10/2018 5:36:42 AM","TX","45.4587439286796"
"12/11/2018 8:16:57 AM","RX","78.7815018923867"
"8/3/2018 4:24:03 AM","TX","43.351045084815"
"3/14/2018 3:28:51 AM","RX","90.7216180538394"
"8/29/2018 8:55:52 AM","RX","39.3737809915905"
"7/15/2018 10:26:28 AM","RX","68.6576522740804"
"5/20/2018 3:43:20 PM","RX","52.1998713036067"
"12/25/2018 8:38:43 PM","RX","46.0420399187328"
"3/6/2018 5:35:36 PM","TX","3.88661157520796"
"5/6/2018 8:44:33 PM","TX","90.894944775335"
"9/26/2018 1:05:03 AM","RX","3.63090075721541"
"3/28/2018 4:56:15 PM","RX","2.83192261254039"
"11/20/2018 6:20:22 AM","RX","93.6413600079908"
"9/10/2018 4:17:33 PM","RX","25.6369182959371"
"11/2/2018 12:24:37 AM","RX","16.8517455537113"
"2/14/2018 2:51:03 AM","RX","62.0955972290112"
"8/18/2018 12:19:43 PM","RX","97.9379364745402"
"7/4/2018 8:50:02 AM","RX","2.56407726675462"
"10/23/2018 7:19:57 AM","TX","28.4107957633262"
"10/7/2018 3:30:34 PM","RX","47.7123573178949"
"6/5/2018 5:59:46 AM","RX","81.8202978846711"
"8/7/2018 5:23:29 AM","RX","5.10179302892731"
"9/3/2018 3:02:41 PM","RX","68.969838865553"
"4/25/2018 7:43:33 AM","RX","0.578483334080541"
"7/10/2018 9:49:24 AM","RX","7.03795426852906"
"6/19/2018 5:27:50 PM","TX","24.3782686183128"
"5/21/2018 4:02:06 PM","TX","35.3440358933732"
"8/31/2018 9:09:21 PM","RX","30.0107789831286"
"10/28/2018 3:28:13 PM","RX","54.4437740251626"
"9/15/2018 1:23:50 PM","RX","63.3050233420474"
"1/12/2018 6:48:11 PM","RX","25.9152876799532"
"8/21/2018 5:16:18 AM","RX","43.685431612509"
"7/28/2018 5:38:41 AM","RX","38.8289290661127"
"5/23/2018 4:59:27 PM","RX","71.2055184278663"
"8/8/2018 4:32:24 AM","RX","45.1139126183064"
"8/22/2018 2:27:20 AM","RX","26.1326294514037"
"10/3/2018 3:22:17 AM","RX","18.9706912818228"
"2/23/2018 2:46:23 PM","TX","57.1910620467696"
"5/6/2018 8:06:03 PM","RX","95.492268863829"
"10/10/2018 9:25:16 AM","RX","83.5219568961868"
"10/1/2018 2:35:50 PM","RX","18.1322307875996"
"8/24/2018 5:41:44 AM","RX","27.7296674566947"
"9/12/2018 2:29:25 AM","TX","91.2259092047931"
"9/29/2018 5:12:35 AM","RX","68.2379784380263"
"12/22/2018 5:40:03 AM","RX","46.1935278243355"
"9/13/2018 9:42:24 AM","RX","43.0681607420874"
"9/3/2018 10:50:00 PM","RX","12.1797793601545"
"7/8/2018 12:22:18 PM","RX","61.2220739299534"
"4/6/2018 12:50:37 AM","RX","39.166814526155"
"4/25/2018 7:19:01 AM","RX","95.9181799999988"
"5/25/2018 5:00:07 AM","RX","38.8010649191221"
"6/9/2018 8:59:01 AM","RX","56.4597100748027"
"8/16/2018 2:15:39 AM","RX","69.9700288334722"
"4/16/2018 6:49:44 PM","RX","2.10359129221346"
"2/17/2018 2:33:57 PM","TX","33.5384882211399"
"7/7/2018 12:17:42 PM","RX","51.9208146966625"
"10/6/2018 6:29:29 AM","RX","58.2791261646334"
"4/8/2018 2:45:08 AM","RX","28.1894651372868"
"7/31/2018 4:57:10 PM","RX","6.09655948639687"
"8/2/2018 6:56:46 PM","RX","99.5812573468225"
"9/7/2018 10:26:54 AM","TX","62.210777337761"
"11/20/2018 1:43:14 AM","RX","38.4077425759322"
"10/26/2018 10:10:44 PM","RX","50.4973305624432"
"12/12/2018 1:45:01 AM","RX","33.1371415095111"
"9/3/2018 3:02:32 PM","TX","75.6118478605579"
"7/19/2018 2:57:28 AM","RX","15.1249492611387"
"4/12/2018 10:24:56 AM","TX","22.6776904532116"
"11/25/2018 10:16:59 AM","RX","22.1145906122935"
"3/28/2018 3:39:39 AM","RX","12.6756941493022"
"3/17/2018 9:17:22 PM","RX","29.0766766430236"
"6/12/2018 2:36:12 AM","RX","1.88859966671495"
"8/8/2018 10:43:27 PM","RX","25.7956064891981"
"11/18/2018 6:27:16 PM","RX","17.2860241109906"
"7/13/2018 2:32:03 AM","TX","17.3324311232811"
"4/16/2018 5:31:46 PM","TX","92.1703312509555"
"5/5/2018 4:52:04 AM","RX","82.1191136641983"
"11/7/2018 6:33:57 PM","RX","9.15112849751074"
"2/5/2018 7:59:20 PM","RX","96.7357506960331"
"4/11/2018 2:35:38 PM","TX","42.2777482039657"
"5/18/2018 11:18:11 PM","RX","9.8442271397655"
"11/22/2018 2:18:38 PM","RX","24.0294433310765"
"12/7/2018 3:59:46 AM","RX","26.3871037058472"
"2/4/2018 12:56:56 PM","RX","73.0439391792956"
"4/16/2018 1:46:21 PM","RX","75.7760058510005"
"11/17/2018 7:10:15 PM","RX","18.7756994826606"
"2/8/2018 7:00:09 AM","RX","29.573162798571"
"2/1/2018 9:11:13 AM","RX","62.7163934813423"
"10/25/2018 3:21:48 AM","RX","32.7968700941638"
"2/8/2018 10:41:50 AM","TX","74.235167109517"
"8/15/2018 2:08:47 PM","RX","79.0103266849231"
"5/13/2018 12:20:23 PM","RX","91.592436373044"
"12/26/2018 7:55:01 AM","RX","89.3315743605288"
"8/13/2018 2:49:26 AM","RX","65.6371613804424"
"1/4/2018 9:17:02 AM","RX","48.8577114179999"
"4/28/2018 3:05:30 AM","RX","58.3658007245352"
"1/5/2018 4:36:03 AM","RX","64.5414483568359"
"7/22/2018 8:25:58 AM","RX","61.6594749324301"
"2/12/2018 1:58:00 PM","TX","46.3859038177812"
"9/9/2018 4:25:09 AM","RX","76.0755367465669"
"7/25/2018 5:38:57 PM","RX","98.982557653907"
"5/2/2018 2:05:31 PM","RX","71.7066103926425"
"1/17/2018 3:04:48 PM","RX","39.5632630398326"
"12/29/2018 3:08:08 PM","RX","13.9425572538481"
"5/11/2018 1:35:34 AM","TX","41.410802277462"
"7/14/2018 12:19:36 PM","RX","6.39336686879088"
"9/17/2018 10:07:19 AM","RX","9.26626194699959"
"10/22/2018 7:19:07 AM","TX","71.3109610003005"
"2/27/2018 9:23:37 PM","TX","62.4730693467302"
"9/21/2018 10:53:14 PM","RX","14.3768511779499"
"5/5/2018 11:38:24 AM","RX","68.6533748957577"
"4/11/2018 8:31:07 PM","TX","62.7413406794618"
"11/15/2018 9:13:02 PM","RX","6.938123799366"
"4/27/2018 3:57:15 PM","RX","50.9624517760065"
"5/17/2018 12:49:07 PM","TX","8.30578934788042"
"8/17/2018 10:43:48 AM","TX","78.3928106903996"
"2/20/2018 9:10:00 PM","TX","59.3184883051172"
"9/24/2018 10:00:02 PM","RX","22.5502594013467"
"3/3/2018 8:31:14 AM","RX","2.09988448866638"
"10/31/2018 9:24:41 PM","TX","7.20635336228011"
"10/22/2018 4:09:38 PM","TX","95.2701040987252"
"12/10/2018 10:13:51 AM","RX","67.8779639154104"
"6/14/2018 3:50:17 PM","RX","36.235934652498"
"11/4/2018 8:37:12 AM","RX","15.8627799785988"
"7/24/2018 8:30:23 AM","RX","65.8094305851541"
"12/20/2018 6:05:05 PM","RX","17.9904368324161"
"11/19/2018 11:42:03 AM","RX","54.872190279361"
"10/13/2018 10:49:48 PM","RX","15.5396402885856"
"3/13/2018 4:30:38 AM","RX","77.6245548285658"
"3/30/2018 10:18:21 AM","RX","18.5347652149083"
"12/16/2018 3:40:26 AM","RX","11.0189763880423"
"3/20/2018 12:34:36 PM","RX","63.8116002379971"
"5/23/2018 4:23:48 AM","RX","13.0602140040417"
"6/22/2018 12:29:25 AM","RX","1.5108966741296"
"3/7/2018 4:53:52 PM","RX","8.41275100056676"
"8/8/2018 8:20:40 AM","TX","30.9252313482227"
"12/7/2018 6:18:09 AM","TX","24.8212758101622"
"4/9/2018 5:02:52 PM","RX","81.1152719804623"
"11/19/2018 4:51:26 PM","RX","39.2860319182677"
"5/5/2018 3:17:12 AM","RX","15.0526021211653"
"8/24/2018 4:02:51 AM","RX","30.4011219322687"
"2/18/2018 3:36:46 AM","RX","21.5990128096188"
"1/23/2018 7:05:04 AM","TX","41.1832027329054"
"7/5/2018 12:59:02 AM","RX","77.6361937064846"
"10/17/2018 10:31:55 AM","RX","72.444938902019"
"9/3/2018 7:58:08 AM","RX","10.2249746258487"
"10/10/2018 2:33:49 AM","RX","42.0786960246408"
"10/2/2018 1:03:53 PM","TX","49.6555875286719"
"4/14/2018 12:42:55 PM","RX","36.1321922559907"
"3/16/2018 6:35:49 PM","RX","21.4210629097284"
"2/10/2018 12:47:51 PM","RX","0.671961345091444"
"11/15/2018 3:18:39 AM","RX","57.8658237391458"
"1/15/2018 1:47:46 PM","RX","85.480922779758"
"6/7/2018 3:17:15 AM","TX","44.7848445013095"
"11/17/2018 11:44:16 PM","RX","21.0504470956747"
"1/23/2018 9:59:06 AM","TX","26.3961193274689"
"12/12/2018 8:58:51 AM","RX","29.4712944559154"
"11/21/2018 10:44:38 PM","RX","9.68304793801301"
"3/11/2018 1:45:23 AM","TX","21.9429576871651"
"1/29/2018 12:27:03 PM","RX","95.3869597499198"
"10/15/2018 3:58:49 AM","RX","21.6332625698453"
"1/7/2018 11:05:42 PM","RX","0.446839397981222"
"7/20/2018 4:37:15 PM","RX","46.4464725211479"
"5/14/2018 12:27:01 PM","RX","45.6797830507531"
"7/28/2018 2:03:10 PM","TX","13.448026782576"
"5/6/2018 12:52:04 PM","RX","56.6389795656497"
"7/7/2018 4:57:05 AM","RX","14.4817108821504"
"7/25/2018 5:54:39 PM","TX","35.6344353107896"
"9/15/2018 3:07:01 AM","RX","32.5170907343352"
"10/3/2018 8:35:58 AM","RX","47.7227635438194"
"5/13/2018 7:27:08 AM","RX","13.494849164735"
"1/12/2018 3:28:23 AM","RX","87.8338183219702"
"11/4/2018 6:39:52 PM","TX","22.0850050086551"
"3/16/2018 10:43:13 AM","RX","31.4822720044676"
"5/13/2018 5:07:28 AM","RX","58.0359459659252"
"7/21/2018 12:48:12 AM","RX","15.0595963071378"
"5/30/2018 3:54:34 PM","RX","61.7486509782023"
"10/15/2018 8:56:06 AM","RX","9.13870670326925"
"3/12/2018 10:00:30 PM","RX","79.8933850973348"
"12/23/2018 3:27:41 PM","TX","61.998183029703"
"6/9/2018 10:48:34 PM","RX","40.2730305401017"
"5/14/2018 3:21:35 PM","RX","62.7148495813435"
"8/9/2018 7:48:45 PM","RX","1.55289187168371"
"6/28/2018 8:04:03 PM","RX","93.9997123060747"
"10/6/2018 7:41:06 AM","RX","56.1728803702504"
"9/27/2018 4:21:53 AM","RX","26.8861705562501"
"9/8/2018 1:01:21 AM","RX","39.4904631839555"
"2/1/2018 2:08:50 PM","RX","61.7110683870088"
"1/18/2018 2:37:30 PM","RX","57.82013310018"
"1/17/2018 5:04:35 PM","RX","24.2291436643475"
"11/8/2018 5:56:09 PM","RX","89.3663376520231"
"9/24/2018 5:27:07 PM","RX","59.9062190204422"
"7/12/2018 2:20:41 PM","RX","90.6409038187195"
"6/10/2018 5:12:36 AM","RX","45.913365132135"
"7/23/2018 11:41:27 AM","RX","20.0240166485421"
"8/16/2018 3:50:26 AM","RX","65.9749288884806"
"11/1/2018 2:52:44 PM","TX","29.1368116760332"
"9/18/2018 10:29:12 PM","RX","81.1543235467534"
"5/2/2018 7:20:21 PM","TX","1.77602139384301"
"5/20/2018 10:48:04 PM","RX","54.4807650868226"
"11/26/2018 9:10:18 AM","RX","57.9055633665554"
"4/15/2018 12:26:44 AM","RX","95.3239155445825"
"7/8/2018 3:28:58 AM","RX","99.1436659354454"
"8/5/2018 12:11:49 AM","TX","16.7984434481703"
"11/29/2018 7:09:15 PM","RX","81.5207139502842"
"5/7/2018 6:27:07 AM","RX","14.3916396491191"
"2/5/2018 12:04:00 PM","RX","18.1140405675927"
"1/30/2018 8:49:45 AM","RX","2.07369010992054"
"6/14/2018 10:07:16 PM","RX","29.0499162529828"
"10/7/2018 5:46:13 PM","TX","0.00149626284907398"
"9/7/2018 5:04:37 PM","RX","28.8586988248204"
"5/30/2018 11:13:13 PM","RX","22.9354830565562"
"6/5/2018 6:37:32 PM","RX","17.2748772042221"
"3/6/2018 8:49:29 PM","RX","82.2417500346162"
"11/8/2018 8:56:37 PM","RX","16.6388614180679"
"2/10/2018 5:04:14 PM","RX","61.9391334065884"
"11/8/2018 10:41:13 PM","RX","89.340067929281"
"1/13/2018 8:17:47 PM","TX","28.6323190800065"
"12/5/2018 1:11:03 AM","RX","91.5052914021096"
"1/7/2018 8:52:12 PM","RX","83.5488137246802"
"12/11/2018 8:33:36 PM","RX","11.0791838779483"
"1/11/2018 2:39:54 AM","TX","1.95890055129253"
"9/23/2018 3:03:54 PM","RX","8.29180316454349"
"4/6/2018 12:57:26 PM","RX","4.01898697205772"
"1/3/2018 11:05:55 AM","RX","25.8967299134921"
"2/7/2018 10:17:21 PM","TX","96.3785045763377"
"4/24/2018 5:11:45 PM","TX","93.7769914948274"
"6/20/2018 5:57:31 PM","RX","46.4494982484959"
"8/4/2018 7:12:36 PM","RX","43.6951223498653"
"2/20/2018 8:38:30 PM","RX","71.4568025765274"
"9/20/2018 7:19:22 PM","RX","88.6031112114913"
"2/6/2018 8:25:19 PM","RX","74.5993333750401"
"8/6/2018 6:08:48 PM","RX","68.8520518452171"
"10/28/2018 10:01:36 AM","RX","69.5183232284702"
"6/10/2018 11:03:18 PM","RX","62.9500599871157"
"6/5/2018 4:00:50 AM","RX","43.7312023917824"
"12/28/2018 5:22:32 AM","TX","7.56034031862409"
"1/29/2018 8:52:30 AM","RX","58.2005060548896"
"5/18/2018 1:56:35 AM","RX","71.1889756709286"
"3/26/2018 10:57:08 PM","RX","64.0140317678517"
"8/31/2018 8:21:02 PM","RX","47.6640028169677"
"6/3/2018 11:16:00 AM","RX","72.734739246189"
"6/28/2018 5:56:41 PM","RX","85.9121685316377"
"8/23/2018 4:15:31 PM","RX","12.5658478180719"
"2/24/2018 3:42:03 AM","RX","76.8291436027871"
"3/11/2018 3:04:08 AM","RX","86.3059645920554"
"12/21/2018 11:56:02 AM","RX","17.2697107388031"
"11/1/2018 8:28:03 AM","RX","67.0051258835034"
"2/19/2018 2:03:16 AM","RX","45.7069745034478"
"3/23/2018 6:56:29 AM","TX","74.2097873120614"
"12/23/2018 4:25:01 PM","RX","19.3009020850532"
"8/14/2018 7:06:52 PM","RX","21.3086024491622"
"1/16/2018 7:00:52 PM","RX","48.3678662909045"
"4/6/2018 9:46:30 PM","RX","35.4851849076735"
"6/10/2018 7:27:56 PM","TX","1.2888209900301"
"2/4/2018 12:28:52 AM","RX","10.7575927445468"
"5/11/2018 3:37:52 AM","RX","88.7002007517499"
"4/15/2018 1:05:30 PM","RX","45.6195336978974"
"4/9/2018 3:00:16 AM","TX","65.6588503930992"
"12/8/2018 6:19:18 AM","RX","8.45659543222589"
"4/17/2018 10:53:32 PM","RX","38.5880819701534"
"7/25/2018 8:43:09 PM","RX","48.1012696624274"
"4/13/2018 7:53:33 AM","RX","56.2298327946243"
"8/14/2018 2:23:18 PM","RX","40.1850622334448"
"10/27/2018 11:53:41 PM","RX","12.7853031329742"
"9/4/2018 2:41:07 PM","RX","53.4248702476848"
"11/25/2018 3:47:22 PM","RX","41.5880746867452"
"8/9/2018 10:10:33 AM","RX","25.1057203975998"
"4/2/2018 10:01:18 AM","RX","11.9762778337934"
"1/26/2018 9:01:43 AM","RX","25.8259663478592"
"12/5/2018 9:52:20 AM","RX","45.5272041007537"
"6/25/2018 1:19:12 PM","RX","11.2733298033817"
"5/7/2018 12:26:07 AM","RX","32.2792705298771"
"10/17/2018 9:25:24 PM","RX","75.2639333136677"
"9/3/2018 4:41:08 PM","RX","2.06083543694617"
"1/27/2018 12:42:29 PM","RX","22.8407846404429"
"9/5/2018 10:41:52 AM","TX","24.8794820741189"
"7/20/2018 8:38:08 AM","RX","16.712834926654"
"2/21/2018 4:23:07 PM","RX","69.7816450939428"
"5/14/2018 4:31:49 PM","RX","74.8861956758826"
"8/20/2018 4:49:28 AM","RX","82.6336355333373"
"9/10/2018 5:19:17 AM","RX","45.8584435497683"
"12/29/2018 9:21:41 PM","RX","89.3335927693795"
"4/9/2018 12:38:03 AM","RX","10.2604419040775"
"4/8/2018 8:49:40 AM","RX","73.9446052228774"
"2/10/2018 8:28:17 PM","RX","66.6744123989131"
"3/3/2018 12:09:13 AM","RX","99.3684318845013"
"7/1/2018 12:00:55 PM","RX","59.5302115471709"
"5/14/2018 12:14:15 AM","TX","98.000874509104"
"6/14/2018 12:39:40 PM","RX","21.2063455587283"
"6/5/2018 11:24:05 AM","RX","63.7031017633635"
"11/2/2018 3:27:01 AM","TX","5.77176166967105"
"3/14/2018 6:38:10 PM","RX","0.449149217665731"
"3/29/2018 8:31:57 AM","RX","44.0621650051615"
"4/15/2018 12:48:16 AM","RX","44.8443672362922"
"6/17/2018 12:44:34 PM","RX","77.4905794195321"
"5/3/2018 1:44:41 AM","TX","57.2735716389835"
"4/30/2018 7:11:00 PM","RX","53.4645867317284"
"10/26/2018 4:31:46 PM","TX","63.9290078840819"
"12/25/2018 6:24:31 AM","RX","39.8017668350608"
"8/25/2018 4:12:51 AM","RX","26.8266087522854"
"8/9/2018 10:17:17 PM","RX","20.0723179243842"
"3/27/2018 2:24:01 PM","RX","93.1763501806074"
"4/21/2018 11:51:57 PM","RX","69.5065893556488"
"3/7/2018 8:41:18 PM","RX","30.4858558953208"
"12/18/2018 10:17:48 AM","RX","43.8417693804213"
"9/28/2018 5:23:37 AM","RX","11.7714108022728"
"12/6/2018 9:51:43 AM","RX","54.2428057427717"
"5/27/2018 8:49:17 AM","RX","69.4543590626932"
"4/14/2018 7:32:13 PM","RX","19.2830183633058"
"10/28/2018 7:26:27 PM","RX","32.9167529628224"
"10/21/2018 7:00:04 AM","RX","46.6582545762222"
"6/4/2018 3:12:19 AM","RX","28.4737190364272"
"1/23/2018 5:30:51 PM","RX","8.90809805547264"
"6/28/2018 7:37:09 PM","RX","67.8504413775403"
"12/9/2018 3:44:12 AM","RX","35.6490619180952"
"3/13/2018 11:08:48 AM","RX","72.9717624247874"
"7/1/2018 8:21:09 AM","RX","34.674264925846"
"5/20/2018 4:48:07 PM","RX","30.7583912418961"
"8/6/2018 10:10:47 AM","RX","66.3158508792128"
"2/6/2018 10:44:04 AM","RX","1.29341469206541"
"10/20/2018 8:56:38 AM","RX","23.0308574731605"
"2/6/2018 5:35:53 AM","RX","56.1668505688044"
"3/7/2018 2:29:33 AM","RX","2.64941891778699"
"12/14/2018 9:00:02 PM","RX","96.0620759502342"
"12/23/2018 8:04:19 PM","TX","68.8993883640037"
"12/18/2018 6:04:39 AM","RX","1.2431983376123"
"10/12/2018 5:29:52 AM","RX","74.6021238037395"
"6/15/2018 8:40:41 AM","RX","33.6041785001774"
"4/30/2018 6:40:11 PM","RX","97.3056065837413"
"6/27/2018 4:35:29 PM","RX","78.5626849059773"
"7/15/2018 1:46:59 AM","RX","43.8327436539497"
"6/21/2018 11:35:50 AM","RX","11.3671453256938"
"3/17/2018 3:50:56 PM","RX","66.6683873472122"
"12/14/2018 2:53:22 AM","RX","74.4687895171665"
"8/25/2018 6:01:49 PM","RX","87.1136833387956"
"9/14/2018 6:13:32 PM","RX","88.0649610832636"
"6/26/2018 3:12:46 AM","RX","62.9179695914117"
"7/27/2018 9:49:17 PM","TX","90.1973538520734"
"7/19/2018 9:04:25 AM","RX","72.4696717096817"
"1/6/2018 10:50:29 PM","RX","70.2855679999504"
"10/5/2018 11:37:58 PM","RX","22.305424382121"
"9/2/2018 4:06:19 PM","RX","88.9801639080887"
"2/20/2018 2:13:49 PM","RX","62.4625093594485"
"7/13/2018 4:33:57 AM","RX","10.9880065130945"
"5/15/2018 7:30:53 PM","RX","74.4020680312077"
"7/13/2018 4:43:42 AM","RX","58.2644429329152"
"12/3/2018 10:04:50 PM","RX","78.883193237187"
"11/2/2018 4:15:04 AM","TX","90.385387973108"
"8/8/2018 6:19:46 AM","RX","46.6950844259444"
"8/26/2018 6:07:01 AM","RX","49.8109540202706"
"3/19/2018 11:02:37 PM","RX","0.595976598838333"
"8/16/2018 8:07:49 PM","RX","66.2220851826584"
"1/3/2018 5:07:24 PM","TX","72.8774738371733"
"8/24/2018 4:40:31 PM","TX","22.3337814315845"
"11/19/2018 3:20:53 PM","TX","36.7415669545259"
"6/19/2018 9:54:00 PM","RX","44.7102579030722"
"12/28/2018 2:05:21 PM","RX","43.0487736794393"
"5/6/2018 9:47:38 PM","RX","78.6293834814007"
"3/10/2018 5:22:52 AM","RX","74.6719232176765"
"4/1/2018 6:24:14 PM","RX","44.6712700392451"
"3/3/2018 12:23:29 PM","RX","36.3136523572326"
"12/30/2018 3:15:45 PM","RX","58.8147872867132"
"9/24/2018 6:24:09 PM","RX","2.31031566034551"
"7/30/2018 12:36:16 PM","RX","28.7909790541935"
"8/19/2018 1:50:48 AM","TX","87.1838316261693"
"3/30/2018 5:15:34 AM","TX","51.8495853766098"
"11/24/2018 10:40:02 AM","RX","29.3076347696165"
"2/24/2018 12:23:17 AM","TX","48.1738904715394"
"11/22/2018 8:51:46 PM","TX","86.5028766852351"
"8/6/2018 1:33:39 PM","RX","0.304289255432919"
"6/2/2018 7:03:33 AM","RX","62.3609752218989"
"12/24/2018 7:53:02 AM","RX","21.7271911081519"
"1/5/2018 12:30:47 PM","RX","16.6795446149444"
"1/7/2018 6:21:28 AM","RX","82.4367296334527"
"10/24/2018 4:12:06 PM","RX","46.1839468899108"
"5/26/2018 4:57:41 AM","TX","12.5940752274329"
"10/14/2018 7:38:51 PM","RX","67.5774582510709"
"1/14/2018 9:46:42 PM","RX","77.6915737789551"
"4/30/2018 4:24:37 PM","RX","98.5505096607611"
"1/13/2018 1:23:54 AM","RX","1.80450305426703"
"12/27/2018 2:47:42 AM","RX","66.0941696102238"
"1/1/2018 6:25:36 AM","TX","50.2379239305099"
"4/27/2018 12:30:26 AM","RX","92.7535111050836"
"4/9/2018 11:21:30 PM","TX","40.4497048074611"
"3/17/2018 10:46:31 AM","RX","10.6058887721067"
"3/5/2018 7:03:18 AM","RX","24.7437135431653"
"8/19/2018 8:36:42 AM","RX","25.5193468767774"
"2/21/2018 9:31:30 PM","TX","83.1062806691538"
"10/14/2018 6:50:18 PM","RX","45.5493495080384"
"1/27/2018 7:45:15 PM","RX","34.9635964422317"
"7/13/2018 5:40:44 AM","RX","62.9604046991842"
"4/28/2018 10:03:01 AM","RX","73.440926882178"
"2/9/2018 1:54:52 AM","RX","4.73563242924196"
"8/12/2018 12:09:09 PM","RX","72.7063227783452"
"11/22/2018 9:23:59 AM","RX","8.85654800052594"
"3/18/2018 3:08:06 AM","TX","53.0632881229107"
"2/13/2018 8:11:34 PM","TX","97.3880872583893"
"10/22/2018 6:08:31 AM","RX","95.7951626255154"
"9/10/2018 7:53:46 AM","RX","6.26090490550776"
"1/26/2018 12:55:44 PM","TX","9.30160186686628"
"10/12/2018 2:38:20 AM","TX","65.122918582113"
"6/19/2018 6:27:37 PM","RX","36.7018898188611"
"6/13/2018 2:15:08 PM","RX","60.0275191292295"
"10/10/2018 7:27:22 AM","TX","6.76871394122425"
"8/24/2018 4:58:27 PM","RX","25.8731505488386"
"2/21/2018 11:15:28 AM","RX","40.3522021790744"
"4/26/2018 12:51:37 AM","TX","82.9656136608523"
"7/17/2018 3:41:43 AM","RX","69.5501977436013"
"7/27/2018 7:42:04 PM","RX","12.7775243077322"
"6/7/2018 10:40:47 PM","RX","86.0118903154563"
"4/21/2018 3:19:55 PM","RX","78.2948742053913"
"2/12/2018 1:30:12 AM","RX","7.417743237418"
"6/11/2018 1:05:13 PM","RX","16.545447435484"
"10/13/2018 12:15:56 AM","RX","2.4966087669584"
"9/28/2018 7:43:35 PM","RX","52.9088401482016"
"3/29/2018 4:53:21 PM","RX","67.0474419682508"
"9/21/2018 10:44:22 AM","RX","88.1649943479174"
"10/11/2018 12:27:55 AM","RX","48.6284353996759"
"3/2/2018 7:28:42 AM","RX","93.2141593160174"
"12/2/2018 10:59:01 AM","RX","69.3396332996616"
"12/31/2018 4:00:27 AM","RX","44.9634726368652"
"12/22/2018 12:15:30 PM","TX","32.6787990204426"
"2/10/2018 4:27:49 AM","RX","88.7726133171341"
"1/17/2018 10:10:26 PM","RX","47.0627096235113"
"12/8/2018 5:40:42 PM","TX","72.5394826720187"
"8/7/2018 4:41:19 PM","TX","83.5870489401682"
"1/6/2018 6:49:14 PM","RX","18.9407023689433"
"3/2/2018 3:53:01 PM","RX","40.6359177737664"
"7/15/2018 4:11:58 AM","RX","14.9506711470665"
"4/26/2018 8:31:06 PM","TX","57.6730669744653"
"11/7/2018 11:20:45 PM","RX","95.377084377863"
"5/27/2018 6:11:01 AM","TX","71.1474865074956"
"11/11/2018 4:30:39 PM","TX","2.45331404844919"
"3/22/2018 6:51:16 AM","RX","82.8910980293951"
"10/1/2018 5:17:44 PM","RX","56.6537893641059"
"3/5/2018 2:42:04 PM","RX","71.0936444676917"
"1/14/2018 11:39:11 PM","RX","97.1837564824073"
"12/8/2018 1:48:41 PM","RX","46.4025794278842"
"8/23/2018 11:02:49 PM","RX","43.7543332314837"
"5/16/2018 5:04:27 AM","TX","66.7038214237913"
"12/28/2018 5:28:04 AM","RX","60.7905016098127"
"7/15/2018 11:41:10 PM","RX","83.9109012316497"
"1/24/2018 5:42:54 AM","TX","11.0264218463685"
"4/27/2018 3:53:22 AM","RX","63.8793792407398"
"2/10/2018 3:19:20 AM","RX","67.1416742574152"
"2/13/2018 10:51:21 AM","TX","32.8698937934218"
"3/9/2018 6:50:07 AM","RX","45.882166943458"
"4/2/2018 2:50:03 PM","RX","38.6186714929615"
"10/3/2018 7:57:54 AM","RX","35.3317207821327"
"10/7/2018 6:14:44 PM","RX","78.5305704821509"
"9/26/2018 1:34:36 AM","RX","56.8698779478995"
"11/26/2018 10:04:56 PM","RX","44.9110631574462"
"3/28/2018 6:49:42 AM","RX","55.2749869205407"
"12/25/2018 6:52:35 AM","TX","40.4269831443331"
"2/25/2018 7:13:03 AM","RX","59.0495661176041"
"4/12/2018 2:59:47 PM","RX","91.6033819278718"
"4/2/2018 3:21:43 PM","RX","6.83626979907801"
"11/29/2018 10:30:57 PM","TX","82.3154400020444"
"8/20/2018 11:45:06 AM","RX","17.7878253244738"
"3/3/2018 4:06:59 AM","RX","88.5306887275217"
"11/28/2018 8:02:13 PM","RX","41.8399071515724"
"10/11/2018 7:21:03 AM","TX","87.3095491841946"
"2/18/2018 3:04:28 PM","RX","29.385681184654"
"2/25/2018 9:33:09 AM","TX","97.1075131078751"
"7/13/2018 10:47:24 AM","TX","91.2974754307873"
"2/20/2018 9:02:07 PM","RX","29.0765975271708"
"3/2/2018 3:34:24 PM","RX","64.6714360754338"
"12/20/2018 6:09:27 PM","RX","98.9168791561"
"8/4/2018 3:02:08 PM","RX","88.0776656270389"
"3/17/2018 3:12:33 PM","RX","27.668567806328"
"7/20/2018 8:59:17 AM","RX","38.2767907522045"
"4/16/2018 10:26:29 PM","RX","36.7336786057491"
"12/16/2018 4:02:22 PM","RX","21.697565178246"
"9/29/2018 2:09:41 AM","RX","72.337646443554"
"9/20/2018 7:24:24 PM","RX","84.1958444957602"
"4/30/2018 12:16:21 PM","RX","99.754466116314"
"12/4/2018 3:32:10 AM","RX","43.9492068923773"
"10/22/2018 8:48:51 AM","RX","92.1949517876818"
"8/31/2018 12:47:35 PM","RX","78.0894122450097"
"6/7/2018 10:39:57 PM","RX","32.0915151536891"
"1/8/2018 3:11:50 PM","TX","74.0615291865829"
"11/29/2018 2:25:05 AM","RX","35.8874374702049"
"12/17/2018 2:12:44 AM","RX","31.6857779546109"
"12/1/2018 5:57:44 AM","RX","89.0031864815406"
"3/1/2018 7:11:24 AM","RX","42.0898425588803"
"3/13/2018 9:43:29 AM","RX","27.4666054302205"
"8/23/2018 3:12:26 PM","RX","85.1257499703792"
"1/30/2018 1:17:01 PM","RX","88.4949538337509"
"12/8/2018 2:00:57 AM","TX","22.894571033723"
"7/12/2018 12:10:30 PM","RX","85.496905439299"
"8/1/2018 8:30:46 AM","TX","34.6993049768262"
"9/26/2018 5:39:34 AM","RX","80.1445162762629"
"12/19/2018 9:13:29 AM","RX","12.3169311845288"
"1/30/2018 12:15:39 AM","RX","45.4049525062577"
"11/8/2018 7:28:33 AM","RX","86.9994708276351"
"4/5/2018 5:37:38 AM","RX","71.2976696301706"
"4/7/2018 4:23:40 PM","RX","86.8359767304901"
"6/21/2018 9:27:06 PM","RX","11.3685803540836"
"5/25/2018 11:53:04 AM","RX","40.5837371668703"
"5/20/2018 8:37:03 AM","RX","96.0377309918579"
"8/25/2018 7:09:06 PM","TX","49.3637950855139"
"10/7/2018 7:28:25 PM","TX","46.7530859851991"
"1/29/2018 9:58:17 AM","RX","87.5652229355486"
"7/11/2018 6:26:47 AM","TX","59.3044303168098"
"12/9/2018 6:11:18 AM","TX","74.0767547740027"
"6/1/2018 3:33:20 AM","RX","71.669487129743"
"4/6/2018 6:16:35 PM","RX","9.46151991815377"
"8/29/2018 8:39:40 PM","RX","34.2375450461346"
"12/26/2018 11:19:20 AM","RX","26.9399922000896"
"6/4/2018 3:10:17 AM","RX","20.0832626410216"
"5/6/2018 1:30:12 AM","RX","85.9751767413575"
"11/29/2018 2:54:40 PM","RX","38.1632633684963"
"5/29/2018 3:54:40 PM","RX","29.3933070867291"
"11/10/2018 9:29:03 PM","RX","56.4800404275209"
"9/26/2018 9:44:45 PM","RX","38.2386048036807"
"6/15/2018 1:17:30 PM","RX","64.885439847077"
"4/6/2018 11:18:43 AM","TX","28.1857357026011"
"8/2/2018 8:29:02 AM","TX","51.4856951085318"
"8/18/2018 11:06:52 AM","TX","25.435227679757"
"9/4/2018 6:53:14 PM","RX","88.9860348724695"
"9/10/2018 1:13:23 PM","TX","99.7524281962553"
"11/8/2018 2:28:49 AM","RX","23.7530983629418"
"4/25/2018 8:26:02 AM","RX","80.8663415633451"
"7/17/2018 3:11:56 PM","RX","51.4193777234384"
"1/11/2018 8:37:47 AM","RX","6.99566551809929"
"5/30/2018 12:16:11 AM","RX","98.3607620458867"
"9/22/2018 9:53:12 PM","RX","87.7831803112212"
"4/24/2018 3:14:07 AM","RX","13.2423453094635"
"12/26/2018 3:40:29 PM","RX","14.5281560786665"
"9/24/2018 11:31:27 PM","RX","14.3710493177041"
"5/1/2018 7:09:22 AM","TX","89.9069196031927"
"6/5/2018 6:39:27 AM","RX","67.3141011816049"
"4/7/2018 4:29:19 AM","RX","63.9493751637402"
"2/22/2018 4:04:35 PM","RX","64.1786805187253"
"9/21/2018 7:02:50 PM","RX","85.0505463709359"
"8/4/2018 7:19:45 AM","RX","70.7071952385396"
"12/5/2018 11:56:28 PM","RX","1.30710676373314"
"7/2/2018 11:54:02 PM","RX","89.3379022317649"
"6/18/2018 6:16:17 AM","RX","87.4798693170212"
"6/5/2018 3:27:02 PM","RX","3.41078248033802"
"5/14/2018 1:14:53 AM","RX","20.4377916271043"
"1/18/2018 9:26:42 AM","RX","54.9426634120488"
"7/15/2018 12:37:10 AM","RX","98.1452562837606"
"7/18/2018 9:18:46 PM","TX","58.8483182987423"
"1/11/2018 12:24:24 AM","RX","58.8266633259257"
"2/1/2018 8:13:44 PM","RX","3.63791808655389"
"2/20/2018 7:37:45 AM","RX","88.4502527250211"
"2/20/2018 3:22:30 AM","TX","77.6606011100396"
"1/30/2018 11:54:51 PM","RX","99.6250216381741"
"12/29/2018 1:30:10 AM","RX","64.5258747341697"
"12/7/2018 11:50:44 PM","RX","69.4479629255123"
"7/16/2018 6:25:53 AM","TX","91.2459897767966"
"8/16/2018 2:57:51 PM","RX","99.5776551308006"
"5/29/2018 12:57:08 AM","RX","24.0397363081759"
"2/8/2018 7:58:57 AM","RX","86.4547864936547"
"1/4/2018 12:10:08 AM","RX","91.0213533747109"
"1/27/2018 5:47:10 PM","RX","95.5120955572986"
"6/19/2018 10:45:18 PM","RX","15.4812605192332"
"5/24/2018 2:17:15 AM","TX","84.5740727542779"
"3/17/2018 8:56:50 PM","TX","18.4890343428073"
"2/2/2018 3:33:25 AM","RX","11.5613416356786"
"2/25/2018 2:03:15 AM","RX","93.1633158555084"
"11/13/2018 7:01:45 AM","RX","84.4939107003128"
"6/11/2018 12:16:56 PM","RX","13.6622549563936"
"10/27/2018 12:06:12 PM","RX","44.8579471767219"
"5/26/2018 8:19:14 PM","RX","77.8206664965584"
"5/16/2018 11:25:45 AM","RX","76.2800042407028"
"12/4/2018 10:21:33 PM","RX","19.6621835789001"
"8/18/2018 1:20:44 AM","RX","32.8730625253511"
"9/8/2018 2:52:25 AM","RX","30.9924735831993"
"12/20/2018 6:22:24 AM","RX","91.019596388107"
"11/10/2018 8:02:07 PM","RX","80.9959235512632"
"12/8/2018 11:28:10 PM","RX","17.7569873713688"
"4/14/2018 6:49:51 PM","RX","58.4647636201534"
"7/13/2018 2:32:38 PM","RX","0.558270374572962"
"6/5/2018 12:54:00 PM","RX","24.8772749793144"
"1/15/2018 10:08:57 PM","RX","88.467049826154"
"9/28/2018 4:24:00 PM","RX","8.38365056942387"
"1/18/2018 1:53:16 PM","RX","62.8631037952672"
"6/5/2018 10:51:48 AM","RX","77.6461770188278"
"11/9/2018 1:03:45 AM","TX","46.5426588182071"
"8/23/2018 2:08:30 AM","RX","48.7326059717371"
"1/18/2018 9:17:55 AM","TX","53.9293330879553"
"3/22/2018 7:39:09 PM","RX","37.8022888851363"
"6/16/2018 5:49:09 PM","RX","0.047423550881177"
"3/18/2018 5:39:25 AM","RX","89.7892428514498"
"11/10/2018 7:15:20 AM","TX","1.36717772174961"
"8/15/2018 1:14:43 AM","RX","86.6230315466519"
"10/4/2018 1:30:55 AM","TX","60.0865240488604"
"2/16/2018 3:17:31 AM","RX","3.31594962781107"
"4/14/2018 1:28:00 AM","RX","77.5894922099959"
"11/12/2018 10:28:04 AM","TX","52.2515515108833"
"10/18/2018 3:36:57 PM","RX","79.5991204584013"
"9/12/2018 1:28:21 AM","RX","73.1452489146708"
"6/22/2018 9:00:12 AM","TX","65.3609621642907"
"8/17/2018 3:24:12 AM","RX","10.4702593341797"
"10/15/2018 6:04:34 AM","RX","93.5595968242547"
